count,etherpad,
1,https://public.etherpad-mozilla.org/p/mofolondon-mlnproductionbreakoutgroups/export/txt,2,https://public.etherpad-mozilla.org/p/Londonrecommendedrestaurants/export/txt,3,https://public.etherpad-mozilla.org/p/story/export/txt,4,https://public.etherpad-mozilla.org/p/mofolondon-strategicplanvisualdesignforversion/export/txt,5,https://public.etherpad-mozilla.org/p/mofo-wow/export/txt,6,https://public.etherpad-mozilla.org/p/mofolondon-internetenabledevicesforlearning/export/txt,7,https://public.etherpad-mozilla.org/p/mofolondon-openleadershipcurriculumpm/export/txt,8,https://public.etherpad-mozilla.org/p/mofolondon-mozfestfuturegoals/export/txt,9,https://public.etherpad-mozilla.org/p/mofolondon-commscouncilpmstart/export/txt,10,https://public.etherpad-mozilla.org/p/mofolondon-mlnproductionshareouts/export/txt,11,https://public.etherpad-mozilla.org/p/mozfest2016-mln/export/txt,12,https://public.etherpad-mozilla.org/p/mofolondon-mozfestsciencehub/export/txt,13,https://public.etherpad-mozilla.org/p/mofolondon-researchworkshopearlylearningsfromdso/export/txt,14,https://public.etherpad-mozilla.org/p/mofolondon-sciencehplanning/export/txt,15,https://public.etherpad-mozilla.org/p/mofolondon-mlnfundraisinggrantmanagement/export/txt,16,https://public.etherpad-mozilla.org/p/mofolondon-mozfestmarketing/export/txt,17,https://public.etherpad-mozilla.org/p/mofolondon-designvisionidentityprocess/export/txt,18,https://public.etherpad-mozilla.org/p/mofolondon-mlnmetricsconvenings/export/txt,19,https://public.etherpad-mozilla.org/p/mofo-communities/export/txt,20,https://public.etherpad-mozilla.org/p/mofolondon-mozfestplan/export/txt
 
 
 
 
 

  
 
 
 

 
 
 
