Rank,Word,Occurrences
14,mozilla,127
15,mozfest,126
18,https,115
36,web,72
42,http,58
55,google,47
83,github,31
87,literacy,30
95,proposals,29
102,clubs,28
107,projects,27
109,sessions,27
124,mln,25
139,members,22
159,wow,20
161,leaders,19
164,connect,19
166,guaranteed,19
170,feedback,18
171,wranglers,18
194,awesome,16
203,etherpad,15
207,participants,15
208,takeaways,15
215,blog,14
230,onboarding,13
241,email,13
243,communities,13
246,discourse,12
250,comms,12
259,resources,12
272,convenings,11
273,closing,11
277,arduino,11
281,gratitude,11
287,excited,11
290,practices,11
291,roles,11
292,opportunities,11
299,captains,10
303,shared,10
306,fellows,10
308,consulted,10
313,sharing,10
320,sprint,10
324,skills,10
328,cohort,10
340,mofo,9
341,coordinators,9
345,partners,9
347,engaging,9
348,lessons,9
349,darci,9
352,links,9
356,iot,9
361,lab,9
362,coordinate,9
373,repo,8
374,educators,8
386,tools,8
393,metrics,8
396,timeline,8
399,facilitators,8
401,mentor,8
402,posts,8
405,connected,8
406,app,8
408,goals,8
412,pulse,8
414,hive,8
415,inviting,8
418,users,8
420,norming,8
424,openings,8
426,interviews,8
432,slack,7
433,decider,7
437,template,7
444,youtube,7
447,inclusive,7
450,digital,7
455,programs,7
456,attendees,7
460,online,7
484,msl,7
487,twitter,7
492,upcoming,7
505,wrangler,6
512,conversations,6
513,researchers,6
514,connecting,6
524,mentorship,6
525,creating,6
528,pathways,6
535,collaborate,6
537,logistics,6
539,tech,6
540,makey,6
544,prep,6
556,yay,6
563,students,6
566,internet,6
569,gh,5
572,info,5
574,happening,5
586,accountable,5
593,invitations,5
598,attributes,5
599,tweet,5
600,documentation,5
605,challenges,5
609,larger,5
613,interactive,5
618,convening,5
619,emails,5
621,networks,5
628,activities,5
632,collaborative,5
634,kpi,5
636,gmt,5
639,channels,5
640,tbd,5
641,mirrors,5
642,focused,5
651,plans,5
655,cohorts,5
656,created,5
666,locally,4
672,demystify,4
673,represented,4